"Spectator sports, event promoters, artists and related industries, e-commerce sales 1 2",,,,,,,,,,,,,,,,,,,,,,,,,,,,,,,,,,,
Frequency: Annual,,,,,,,,,,,,,,,,,,,,,,,,,,,,,,,,,,,
Table: 21-10-0234-01 (formerly CANSIM 361-0112),,,,,,,,,,,,,,,,,,,,,,,,,,,,,,,,,,,
Release date: 2026-02-17,,,,,,,,,,,,,,,,,,,,,,,,,,,,,,,,,,,
Geography: Canada,,,,,,,,,,,,,,,,,,,,,,,,,,,,,,,,,,,
,,,,,,,,,,,,,,,"0: {refPer: '2024-01-01', refPer2: '', refPerRaw: '2024-01-01', refPerRaw2: '', value: 20438, …}",,,,,,,,,,,,,,,,,,,,
,,,,,,,,,,,,,,,"1: {refPer: '2025-01-01', refPer2: '', refPerRaw: '2025-10-01', refPerRaw2: '', value: 19925, …}",,,,,,,,,,,,,,,,,,,,
,,,,,,,,,,,,,,,,,,,,,,,,,,,,,,,,,,,
,Geography,Canada,,,,,,,,,,,,,,,,,,,,,,,,,,,,,,,,,
North American Industry Classification System (NAICS),Sales,2016,2017,2018,2019,2020,2021,2022,2023,2024,,,,,,,,,,,,,,,,,,,,,,,,,
Spectator sports  [7112],,Dollars,,,,,,,,,,,,,,,,,,,,,,,,,,,,,,,,,
,"Total sales  (x 1,000,000)","2,359.10","2,734.60","2,662.80","3,068.80","1,743.60","1,120.30","2,425.70","3,000.00","3,269.80",,,,,,,,,,,,,,,,,,,,,,,,,
,"E-commerce sales  (x 1,000,000)",276.6,367.6,310.1,390.3,68.6,101.2,351,375,429.9,,,,,,,,,,,,,,,,,,,,,,,,,
,,Percent,,,,,,,,,,,,,,,,,,,,,,,,,,,,,,,,,
,E-commerce as a percentage of total sales,11.7,13.4,11.6,12.7,3.9,9,14.5,12.5,13.1,,,,,,,,,,,,,,,,,,,,,,,,,
"Promoters (presenters) of performing arts, sports and similar events  [7113]",,Dollars,,,,,,,,,,,,,,,,,,,,,,,,,,,,,,,,,
,"Total sales  (x 1,000,000)","2,424.90","2,654.00","2,654.30","2,950.70","1,229.40","1,085.00","2,737.60","3,445.10","3,903.70",,,,,,,,,,,,,,,,,,,,,,,,,
,"E-commerce sales  (x 1,000,000)",572.8,654.3,697.1,786.6,277.3,239.1,908.6,"1,271.00","1,578.20",,,,,,,,,,,,,,,,,,,,,,,,,
,,Percent,,,,,,,,,,,,,,,,,,,,,,,,,,,,,,,,,
,E-commerce as a percentage of total sales,23.6,24.7,26.3,26.7,22.6,22,33.2,36.9,40.4,,,,,,,,,,,,,,,,,,,,,,,,,
"Agents and managers for artists, athletes, entertainers and other public figures  [7114]",,Dollars,,,,,,,,,,,,,,,,,,,,,,,,,,,,,,,,,
,"Total sales  (x 1,000,000)",386.1,388.9,425.5,535.7,364.8,x,530.6,561.6,589.5,,,,,,,,,,,,,,,,,,,,,,,,,
,"E-commerce sales  (x 1,000,000)",5.8,3.8,x,1.9,3.8,6,13.4,25.5,34.3,,,,,,,,,,,,,,,,,,,,,,,,,
,,Percent,,,,,,,,,,,,,,,,,,,,,,,,,,,,,,,,,
,E-commerce as a percentage of total sales,1.5,1,x,0.3,1,x,2.5,4.5,5.8,,,,,,,,,,,,,,,,,,,,,,,,,
,,,,,,,,,,,,,,,,,,,,,,,,,,,,,,,,,,,
Symbol legend:,,,,,,,,,,,,,,,,,,,,,,,,,,,,,,,,,,,
x, suppressed to meet the confidentiality requirements of the Statistics Act,,,,,,,,,,,,,,,,,,,,,,,,,,,,,,,,,,
,,,,,,,,,,,,,,,,,,,,,,,,,,,,,,,,,,,
,,,,,,,,,,,,,,,,,,,,,,,,,,,,,,,,,,,
,,,,,,,,,,,,,,,,,,,,,,,,,,,,,,,,,,,
,,,,,,,,,,,,,,,,,,,,,,,,,,,,,,,,,,,
Footnotes:,,,,,,,,,,,,,,,,,,,,,,,,,,,,,,,,,,,
1,"Estimates for the most recent year are preliminary. Preliminary data are subject to revision. Due to rounding, components may not add to total. Scaling may also affect the calculation of ratios. ",,,,,,,,,,,,,,,,,,,,,,,,,,,,,,,,,,
2,"Data presented in this table from 2022 onward, and for the years prior to 2019, are from the surveyed portion only. The survey portion excludes the smallest firms in terms of revenues earned. These firms account for a relatively small portion of total industry revenues and are only included in the estimates of this table for reference years 2019 to 2021.
",,,,,,,,,,,,,,,,,,,,,,,,,,,,,,,,,,
,,,,,,,,,,,,,,,,,,,,,,,,,,,,,,,,,,,
,,,,,,,,,,,,,,,,,,,,,,,,,,,,,,,,,,,
,,,,,,,,,,,,,,,,,,,,,,,,,,,,,,,,,,,
"How to cite: Statistics Canada. Table 21-10-0234-01  Spectator sports, event promoters, artists and related industries, e-commerce sales",,,,,,,,,,,,,,,,,,,,,,,,,,,,,,,,,,,
https://www150.statcan.gc.ca/t1/tbl1/en/tv.action?pid=2110023401,,,,,,,,,,,,,,,,,,,,,,,,,,,,,,,,,,,
,,,,,,,,,,,,,,,,,,,,,,,,,,,,,,,,,,,
,,,,,,,,,,,,,,,,,,,,,,,,,,,,,,,,,,,
,,,,,,,,,,,,,,,,,,,,,,,,,,,,,,,,,,,
,,,,,,,,,,,,,,,,,,,,,,,,,,,,,,,,,,,
,,,,,,,,,,,,,,,,,,,,,,,,,,,,,,,,,,,
,,,,,,,,,,,,,,,,,,,,,,,,,,,,,,,,,,,
"0: {refPer: '2016-01-01', refPer2: '', refPerRaw: '2016-01-01', refPerRaw2: '', value: 2359.1, …}",,,,,,,,,,,,,,,,,,,,,,,,,,,,,,,,,,,
"1: {refPer: '2017-01-01', refPer2: '', refPerRaw: '2017-01-01', refPerRaw2: '', value: 2734.6, …}",,,,,,,,,,,,,,,,,,,,,,,,,,,,,,,,,,,
"2: {refPer: '2018-01-01', refPer2: '', refPerRaw: '2018-01-01', refPerRaw2: '', value: 2662.8, …}",,,,,,,,,,,,,,,,,,,,,,,,,,,,,,,,,,,
"3: {refPer: '2019-01-01', refPer2: '', refPerRaw: '2019-01-01', refPerRaw2: '', value: 3068.8, …}",,,,,,,,,,,,,,,,,,,,,,,,,,,,,,,,,,,
"4: {refPer: '2020-01-01', refPer2: '', refPerRaw: '2020-01-01', refPerRaw2: '', value: 1743.6, …}",,,,,,,,,,,,,,,,,,,,,,,,,,,,,,,,,,,
"5: {refPer: '2021-01-01', refPer2: '', refPerRaw: '2021-01-01', refPerRaw2: '', value: 1120.3, …}",,,,,,,,,,,,,,,,,,,,,,,,,,,,,,,,,,,
"6: {refPer: '2022-01-01', refPer2: '', refPerRaw: '2022-01-01', refPerRaw2: '', value: 2425.7, …}",,,,,,,,,,,,,,,,,,,,,,,,,,,,,,,,,,,
"7: {refPer: '2023-01-01', refPer2: '', refPerRaw: '2023-01-01', refPerRaw2: '', value: 3000, …}",,,,,,,,,,,,,,,,,,,,,,,,,,,,,,,,,,,
"8: {refPer: '2024-01-01', refPer2: '', refPerRaw: '2024-01-01', refPerRaw2: '', value: 3269.8, …}",,,,,,,,,,,,,,,,,,,,,,,,,,,,,,,,,,,
,,,,,,,,,,,,,,,,,,,,,,,,,,,,,,,,,,,
