"Archived - Internet use by province, inactive 1 2 3 4"
"Frequency: Occasional"
"Table: 22-10-0083-01"
"Release date: 2021-06-22"
"Geography: Canada, Province or territory"
""
""

"Internet use from any location","Internet use 3"
"Geography","2018"
,"Percent"
"Canada","91.3"
"Newfoundland and Labrador","86.0"
"Prince Edward Island","88.5"
"Nova Scotia","88.5"
"New Brunswick","89.2"
"Quebec","88.0"
"Ontario","92.2"
"Manitoba","91.2"
"Saskatchewan","89.9"
"Alberta","94.1"
"British Columbia","94.0"

Symbol legend:
A, data quality: excellent




Footnotes:
1,"The target population is all persons 15 years of age and older living in the ten provinces of Canada. It excludes full-time (residing for more than six months) residents of institutions. 
"
2,"The Canadian Internet Use Survey was redesigned in 2018 and its findings should not be compared with those from previous surveys."
3,"Internet users include individuals who used the Internet for personal use, excluding business- and school-related use, from any location during the past three months."
4,"On June 22, 2021 this table was archived and replaced by table 22-10-0135."



"How to cite: Statistics Canada. Table 22-10-0083-01  Internet use by province, inactive"
https://www150.statcan.gc.ca/t1/tbl1/en/tv.action?pid=2210008301